{
  "lang":"en",
  "name":"pipeline",
  "version":"0.0.0",
  "spacy_version":">=3.8.2,<3.9.0",
  "description":"",
  "author":"",
  "email":"",
  "url":"",
  "license":"",
  "spacy_git_version":"63f1b53",
  "vectors":{
    "width":0,
    "vectors":0,
    "keys":0,
    "name":null,
    "mode":"default"
  },
  "labels":{
    "tok2vec":[

    ],
    "ner":[
      " DEVELOP",
      "DOMAIN",
      "EDUCATION",
      "EXPERIENCE",
      "LANGUAGE",
      "RESPONSIBILITY",
      "SKILLS",
      "SOFT-SKILLS"
    ]
  },
  "pipeline":[
    "tok2vec",
    "ner"
  ],
  "components":[
    "tok2vec",
    "ner"
  ],
  "disabled":[

  ],
  "performance":{
    "ents_f":0.953005554,
    "ents_p":0.9492269845,
    "ents_r":0.9568143263,
    "ents_per_type":{
      "SKILLS":{
        "p":0.9532863959,
        "r":0.9674078654,
        "f":0.9602952182
      },
      "DOMAIN":{
        "p":0.9179040918,
        "r":0.8659563319,
        "f":0.8911738271
      },
      "EDUCATION":{
        "p":0.9516817825,
        "r":0.9514643515,
        "f":0.9515730546
      },
      "EXPERIENCE":{
        "p":0.9346217401,
        "r":0.9394814761,
        "f":0.9370453072
      },
      "SOFT-SKILLS":{
        "p":0.88496171,
        "r":0.964063073,
        "f":0.9228204116
      },
      "LANGUAGE":{
        "p":0.9826056444,
        "r":0.9940666362,
        "f":0.9883029142
      },
      "RESPONSIBILITY":{
        "p":0.6992481203,
        "r":0.471363406,
        "f":0.5631244323
      },
      " DEVELOP":{
        "p":1.0,
        "r":1.0,
        "f":1.0
      }
    },
    "tok2vec_loss":3897.9335741017,
    "ner_loss":1022.7348022461
  }
}