{
  "lang":"en",
  "name":"pipeline",
  "version":"0.0.0",
  "spacy_version":">=3.8.2,<3.9.0",
  "description":"",
  "author":"",
  "email":"",
  "url":"",
  "license":"",
  "spacy_git_version":"63f1b53",
  "vectors":{
    "width":0,
    "vectors":0,
    "keys":0,
    "name":null,
    "mode":"default"
  },
  "labels":{
    "tok2vec":[

    ],
    "ner":[
      " DEVELOP",
      "DOMAIN",
      "EDUCATION",
      "EXPERIENCE",
      "LANGUAGE",
      "RESPONSIBILITY",
      "SKILLS",
      "SOFT-SKILLS"
    ]
  },
  "pipeline":[
    "tok2vec",
    "ner"
  ],
  "components":[
    "tok2vec",
    "ner"
  ],
  "disabled":[

  ],
  "performance":{
    "ents_f":0.9518312657,
    "ents_p":0.943715145,
    "ents_r":0.9600881976,
    "ents_per_type":{
      "SKILLS":{
        "p":0.9507830464,
        "r":0.9665530001,
        "f":0.9586031698
      },
      "DOMAIN":{
        "p":0.8932460396,
        "r":0.9198951965,
        "f":0.9063747763
      },
      "EDUCATION":{
        "p":0.9376935308,
        "r":0.9599605889,
        "f":0.9486964191
      },
      "EXPERIENCE":{
        "p":0.967756654,
        "r":0.9190438362,
        "f":0.942771419
      },
      "LANGUAGE":{
        "p":0.9758044524,
        "r":0.9980729246,
        "f":0.9868130766
      },
      "SOFT-SKILLS":{
        "p":0.8818120466,
        "r":0.9582874954,
        "f":0.9184605922
      },
      "RESPONSIBILITY":{
        "p":0.560546875,
        "r":0.4363912823,
        "f":0.490738102
      },
      " DEVELOP":{
        "p":1.0,
        "r":0.40625,
        "f":0.5777777778
      }
    },
    "tok2vec_loss":5886.7570859864,
    "ner_loss":1058.0561523438
  }
}